4640,Hematopoietic cell lineage
4610,Complement and coagulation cascades
4611,Platelet activation
4620,Toll-like receptor signaling pathway
4624,Toll and Imd signaling pathway
4621,NOD-like receptor signaling pathway
4622,RIG-I-like receptor signaling pathway
4623,Cytosolic DNA-sensing pathway
4625,C-type lectin receptor signaling pathway
4650,Natural killer cell mediated cytotoxicity
4612,Antigen processing and presentation
4660,T cell receptor signaling pathway
4658,Th1 and Th2 cell differentiation
4659,Th17 cell differentiation
4657,IL-17 signaling pathway
4662,B cell receptor signaling pathway
4664,Fc epsilon RI signaling pathway
4666,Fc gamma R-mediated phagocytosis
4670,Leukocyte transendothelial migration
4672,Intestinal immune network for IgA production
4062,Chemokine signaling pathway
5310,Asthma
5322,Systemic lupus erythematosus
5323,Rheumatoid arthritis
5320,Autoimmune thyroid disease
5321,Inflammatory bowel disease (IBD)
5330,Allograft rejection
5332,Graft-versus-host disease
5340,Primary immunodeficiency
4080,Neuroactive ligand-receptor interaction
4060,Cytokine-cytokine receptor interaction
4061,Viral protein interaction with cytokine and cytokine receptor New!
4512,ECM-receptor interaction
4514,Cell adhesion molecules (CAMs)
2020,Two-component system
4014,Ras signaling pathway
4015,Rap1 signaling pathway
4010,MAPK signaling pathway
4013,MAPK signaling pathway - fly
4016,MAPK signaling pathway - plant
4011,MAPK signaling pathway - yeast
4012,ErbB signaling pathway
4310,Wnt signaling pathway
4330,Notch signaling pathway
4340,Hedgehog signaling pathway
4341,Hedgehog signaling pathway - fly
4350,TGF-beta signaling pathway
4390,Hippo signaling pathway
4391,Hippo signaling pathway - fly
4392,Hippo signaling pathway - multiple species
4370,VEGF signaling pathway
4371,Apelin signaling pathway
4630,Jak-STAT signaling pathway
4064,NF-kappa B signaling pathway
4668,TNF signaling pathway
4066,HIF-1 signaling pathway
4068,FoxO signaling pathway
4020,Calcium signaling pathway
4070,Phosphatidylinositol signaling system
4072,Phospholipase D signaling pathway
4071,Sphingolipid signaling pathway
4024,cAMP signaling pathway
4022,cGMP-PKG signaling pathway
4151,PI3K-Akt signaling pathway
4152,AMPK signaling pathway
4150,mTOR signaling pathway
4075,Plant hormone signal transduction
